{"cameraMode":{"drawMode":0,"name":"Shaded","section":"Shading Mode"},"sceneLighting":false,"audioPlay":false,"sceneViewState":{"m_AlwaysRefresh":false,"showFog":true,"showSkybox":false,"showFlares":true,"showImageEffects":true,"showParticleSystems":true,"showVisualEffectGraphs":true,"m_FxEnabled":true},"in2DMode":false,"pivot":{"x":-0.28122276067733767,"y":0.43119198083877566,"z":-2.9903154373168947},"rotation":{"x":-0.00009371656051371247,"y":0.9969373941421509,"z":-0.07822955399751663,"w":-0.0011969937477260829},"size":2.407043695449829,"orthographic":false}