{"cameraMode":{"drawMode":0,"name":"Shaded","section":"Shading Mode"},"sceneLighting":true,"audioPlay":false,"sceneViewState":{"m_AlwaysRefresh":false,"showFog":true,"showSkybox":true,"showFlares":true,"showImageEffects":true,"showParticleSystems":true,"showVisualEffectGraphs":true,"m_FxEnabled":true},"in2DMode":false,"pivot":{"x":0.9147156476974487,"y":0.39891985058784487,"z":-1.5238983631134034},"rotation":{"x":0.004860968329012394,"y":0.519778311252594,"z":0.00295796780847013,"w":-0.8542884588241577},"size":0.7000014185905457,"orthographic":false}